sku,order,text
#3ANN5909,1,Smooth results 50% faster vs. leading dryer
#3ANN5909,2,Ceramic Ionic Function
#3ANN5909,3,3 Heat settings & cool shot button
#3ANN5909,4,High power super quiet
#3ANN5909,5,Concentrator & hair pik attachments included
#3ANN5909,6,Hanging Loop
#3ANN5909,7,120V
#3ANN5903,1,Smooth results 35% faster vs. leading dryer
#3ANN5903,2,Ceramic Ionic Function
#3ANN5903,3,6 Speed and Heat Settings
#3ANN5903,4,Quiet Powerful Motor
#3ANN5903,5,Lightweight / Ergonomic Design
#3ANN5903,6,Concentrator & hair pik attachments included
#3ANN5903,7,Hanging Loop
#3ANN5903,8,1875W
#3ANN5903,9,120V
#3ANN5904,1,Smooth results 35% faster vs. leading dryer
#3ANN5904,2,Ceramic Ionic Function
#3ANN5904,3,6 Speed and Heat Settings
#3ANN5904,4,Quiet Powerful Motor
#3ANN5904,5,Lightweight / Ergonomic Design
#3ANN5904,6,Concentrator & hair pik attachments included
#3ANN5904,7,Hanging Loop
#3ANN5904,8,1875W
#3ANN5904,9,120V
#3ANN5894,1,Titanium plates protect hair and provide fast even heat distribution
#3ANN5894,2,Temperature Controller
#3ANN5894,3,Tangle free cord
#3ANN5894,4,120V
#3ANN5894,5,430 F High heat
#3ANN5894,6,Cool tips for easy styling
#3ANN5894,7,Safety stand
#3ANN5894,8,Tangle-free cord
#3ANN5988,1,"3/4"" Barrels for ""S"" waves"
#3ANN5987,1,"1"" Barrels for large ""S"" waves"
#3ANN5908,1,"Ceramic Ionic technology: obtain fast results, eliminating static and frizz, making the hair smoother"
#3ANN5908,2,"Tangle-free combination bristles: includes nylon bristles with round tips for rapid detangling and wild boar bristles that naturally condition the hair, reduce frizz, and create shine"
#3ANN5908,3,Oval design with cool tip to straighten and create volume
#3ANN5908,4,Unique airflow vents design for faster drying
#3ANN5908,5,Ceramic coating: helps protect the hair by providing even heat distribution
#3ANN5908,6,Professional tangle-free swivel cord
#3ANN5908,7,Multiple heat settings
#3ANN5908,8,1200W
#3ANN5908,9,120V
#3ANN2970,1,Great for hair conditioning services and treatments
#3ANN2970,2,Control the temperature by covering air vents
#3ANN2970,3,Hand washable
#3ANN2970,4,Perfect for travel
#3ANN2970,5,Fits most hair dryers
#3ANN2970,6,Extra long tube (100cm)
#3ANN2970,7,Free dryer holder included
#3ANN2971,1,Super Jumbo Size
#3ANN2971,2,Fitting big rollers
#3ANN2971,3,Great for hair conditioning services and treatments
#3ANN2971,4,Control the temperature by covering air vents
#3ANN2971,5,Hand washable
#3ANN2971,6,Perfect for travel
#3ANN2971,7,Fits most hair dryers
#3ANN2971,8,Extra long tube (100cm)
#3ANN2971,9,Free dryer holder included
#1AN2993,1,Gently dries hair for soft and easy style
#1AN2993,2,Fits most hand-held dryers
#3ANN5912,1,Small size perfect for travel
#3ANN5912,2,"Ceramic Ionic technology: obtain fast results, eliminating static and frizz, making the hair smoother"
#3ANN5912,3,"Tangle-free combination bristles: includes nylon bristles with round tips for rapid detangling and wild boar bristles that naturally condition the hair, reduce frizz, and create shine"
#3ANN5912,4,Oval design with cool tip to straighten and create volume
#3ANN5912,5,Unique airflow vents design for faster drying
#3ANN5912,6,Ceramic coating: helps protect the hair by providing even heat distribution
#3ANN5912,7,Professional tangle-free swivel cord
#3ANN5912,8,Multiple heat settings
#3ANN5912,9,600W
#3ANN5912,10,120V
#3ANN5906,1,"2 in 1 design, the power of a dryer in a brush"
#3ANN5906,2,Soft cushion detangling bristles and large vent holes allows hair to dry quickly
#3ANN5906,3,Removable cushion pad makes cleaning quick and easy
#3ANN5906,4,Ceramic ionic technology
#3ANN5906,5,3 Heat settings
#3ANN5906,6,Tangle-free cord
#3ANN5906,7,1000W
#3ANN5906,8,120V
#3ANN5948,1,Straightens hair 2 times faster than a flat iron
#3ANN5948,2,Tourmaline plated bristles provide even heat
#3ANN5948,3,Over 430 F high heat
#3ANN5948,4,"Creates negative ions for shiny, frizz-free hair"
#3ANN5948,5,"360"" Swivel cord for easy styling"
#3ANN5505,1,Straightens and smooths hair
#3ANN5505,2,Brass with copper infused plate
#3ANN5506,1,Straightens and smooths hair
#3ANN5506,2,Brass with copper infused plate
#3ANN5506,3,Straightens and smooths hair
#3ANN5507,1,Straightens and smooths hair
#3ANN5507,2,Brass with copper infused plate
#3ANN5512,1,Straightens and smooths hair
#3ANN5512,2,Stainless steel plate
#3ANN5819,1,"3/4"" Barrel"
#3ANN5820,1,"1"" Barrel"
#3ANN5860,1,"1/4"" Barrel"
#3ANN5860,2,450 'F Temperature
#3ANN5860,3,2 Temperature settings
#3ANN5821,1,"1 1/2"" Barrel"
#3ANN5816,1,"3/8"" Barrel"
#3ANN5816,2,"430 ""F Temperature"
#3ANN5817,1,"1/2"" Barrel"
#3ANN5817,2,"430 ""F Temperature"
#3ANN5818,1,"5/8"" Barrel"
#3ANN5818,2,"430 ""F Temperature"
#3ANN5530,1,Medium straight teeth
#3ANN5531,1,Medium curved teeth
#3ANN5532,1,Medium double side teeth
#3ANN5533,1,Medium teeth small temple
#3ANN5534,1,Medium wide teeth
#3ANN5955,1,Tangle free power cord
#3ANN5955,2,Medium straight teeth
#3ANN5965,1,Tangle free power cord
#3ANN5965,2,Curved teeth
#3ANN5797,1,Extreme precision high performance trimming blades
#3ANN5797,2,Long lasting lithium battery
#3ANN5797,3,4 hours run time
#3ANN5797,4,Quick charge
#3ANN5797,5,Universal USB charging cable
#3ANN5797,6,Waterproof washable blades
#3ANN5797,7,"Includes clipper guides (1 mm, 2mm, & 3mm)"
#1AN3000,1,"Lifts, shapes and smooths hair as you dry"
#1AN3000,2,Universal fit for most hand-held dryers
#1AN3001,1,"Lifts, shapes and smooths hair as you dry"
#1AN3001,2,Universal fit for most hand-held dryers
#1AN3002,1,"Lifts, shapes and smooths hair as you dry"
#1AN3002,2,Universal fit for most hand-held dryers
#1AN2987,1,"Lifts, shapes and smooths hair as you dry"
#1AN2987,2,Universal fit for almost all hair dryers
#1AN2999,1,"Lifts, shapes and smooths hair as you dry"
#1AN2999,2,Universal fit for most hand-held dryers
#3ANN5526,1,Ceramic element for quick and even heat distribution
#3ANN5526,2,High adjustable rack with extended sides for tool support
#3ANN5526,3,Jumbo Size
#3ANN5526,4,"High Heat up to 825 ""F"
#3ANN5526,5,120V
#3ANN5527,1,Ceramic element for quick and even heat distribution
#3ANN5527,2,High adjustable rack with extended sides for tool support
#3ANN5527,3,"High Heat up to 825 ""F"
#3ANN5527,4,120V
#3ANN5501,1,Straightens and smooths hair
#3ANN5502,1,Straightens and smooths hair
#3ANN5503,1,Straightens and smooths hair
#3ANN5504,1,Straightens and smooths hair
#3ANN5508,1,Straightens and smooths hair
#3ANN5510,1,Straightens and smooths hair
#1AN2000,1,Wire ball-tipped bristles
#1AN2000,2,Gently massages the scalp
#1AN2000,3,Comfortable grip
#1AN2001,1,Designed for all types of wigs
#1AN2001,2,"Use short lifting strokes on wigs with tight curls, soft curls or waves"
#1AN2001,3,Comfortable grip
#1AN2214,1,Wire ball-tipped bristles
#1AN2013,1,Ball-tipped bristles
#1AN2013,2,Gently massages the scalp
#1AN2013,3,Comfortable grip
#1AN2013,4,Assorted color: purple & blue
#1AN2014,1,Ball-tipped bristles
#1AN2014,2,Gently massages the scalp
#1AN2014,3,Comfortable grip
#1AN2014,4,Assorted color: purple & blue
#1AN2212,1,Great for detangling & smoothing out hair
#1AN2920,1,Has thumb/finger holder on top for easy use
#1AN2920,2,"Assorted color: blue, red & black"
#1AN2021,1,"Assorted translucent colors: Brown, Blue, Teal, Purple, Clear & Red"
#1AN2021,2,All-purpose brush
#1AN2022,1,"Assorted colors: Green, Red, Yellow and Orange"
#1AN2022,2,All-purpose brush
#1AN2023,1,"Assorted colors: Tea, Red, Blue and Black"
#1AN2023,2,All-purpose brush
#1AN2250,1,Nylon bristles
#1AN2250,2,Nnn-slin nrin finish
#1AN2251,1,Ball-tipped nylon bristles
#1AN2251,2,Non-slip grip finish
#1AN2252,1,Ball-tipped nylon bristles
#1AN2252,2,Non-slip grip finish
#1AN2253,1,Ball-tipped nylon bristles
#1AN2253,2,Non-slip grip finish
#1AN2030,1,Ball-tipped bristles
#1AN2030,2,Maximizes volume
#1AN2030,3,Comfortable grip
#1AN2030,4,Assorted colors: red & blue
#1AN2204,1,Adds luster and shine
#1AN2204,2,Ball-tipped bristles
#1AN2204,3,Easily removes tangles
#1AN2204,4,Gently massages the scalp
#1AN2204,5,Jumbo size
#1AN2330,1,"Assorted colors: burgundy, blue & gray"
#1AN2331,1,"Assorted colors: burgundy, blue & gray"
#1AN2331,2,"Assorted colors: burgundy, blue & gray"
#1AN2071,1,Soft 100% natural boar and hard reinforced bristle s
#1AN2072,1,Soft 100% natural boar and hard reinforced bri s tle s
#1AN2068,1,Soft 100% natural boar and hard reinforced bri s tle s
#1AN2092,1,Soft 100% natural boar and hard reinforced bri s tle s
#1AN2070,1,Hard bristles
#1AN2070,2,100% Boar/reinforced bristles
#1AN2073,1,Soft 100% natural boar bristles
#1AN2074,1,Soft 100% natural boar and hard reinforced bristles
#1AN2074,2,Polished natural hardwood handle
#1AN2069,1,Hard bristles
#1AN2069,2,100% Boar/reinforced bristles
#1AN2099,1,Hard bristles
#1AN2099,2,Reinforced bristles
#1AN2104,1,Metal bristles without ball-tips
#1AN2104,2,Designed for all types of wigs
#1AN2104,3,Pointed tip handle
#1AN2104,4,Assorted colors: red & black
#1AN2105,1,Designed for all types of wigs
#1AN2105,2,Use short lifting strokes on wigs with
#1AN2106,1,Designed for all types of wigs
#1AN2106,2,Use short lifting strokes on wigs
#1AN2150,1,"Created for back brushing, creating volume, and teasing"
#1AN2150,2,Pointed tip handle
#1AN2018,1,Adds luster and volume
#1AN2018,2,Bristles correct frizz and dull hair
#1AN2018,3,Rubberized soft comfortable grip
#1AN2018,4,Assorted color: green & red
#1AN0232,1,Metal tooth
#1AN0232,2,"Ideal for curly, wave or permed hair styles"
#1AN0232,3,Black color
#1AN0234,1,Perfect for styling hair
#1AN0234,2,Black color
#1AN0035,1,Comb with plastic pik
#1AN0035,2,Bone and blue colors BONE BLUE
#1AN0036,2,Comb with metal pik
#1AN0036,3,Ball tipped pik
#1AN0036,4,Black and blue colors BLACK BLUE
#1AN0020,2,Perfect for styling hair
#1AN0020,3,"Black, bone and red colors"
#1AN0020,4,With package BLACK BONE
#1AN0024,2,Perfect for styling hair
#1AN0024,3,"Assorted bone, blue and red colors BONE BLUE RED REO"
#1AN0015,1,Perfect for styling hair
#1AN0015,2,Black color
#1AN0034,1,Perfect for styling hair
#1AN0034,2,Designed for all hair lengths
#1AN0034,3,Bone color
#1AN0016,1,Black color
#1AN0016,2,With package
#1AN0026,1,Bone color
#1AN0026,2,With package
#1AN0029,1,With package
#1AN0030,1,Bone color
#1AN0030,2,With package
#1AN0081,1,Black color
#1AN0082,1,Bone color
#1AN0023,1,"Assorted black, bone and red colors"
#1AN0208,2,Colored ball tips w
#1AN0208,3,"Assorted black, pink, blue and purple"
#1AN0208,4,With package:::::> BLACK PINK BLUE PURPLE
#1AN0210,2,Colored ball tips
#1AN0210,3,"Assorted black, pink, blue and purple"
#1AN0210,4,With package BLACK PINK BLUE PURPLE #1AN0210 #1AN0208
#1AN0212,1,"Black, blue, pink and bone colors"
#1AN0214,1,"Black, bone, pink and purple colors"
#1AN0218,1,"Assorted black, bone, blue and red colors"
#1AN0228,1,Designed for all hair lengths
#1AN0228,2,Black color
#1AN0008,1,Perfect for styling hair
#1AN0008,2,Bone color
#1AN0004,2,Perfect for styling hair
#1AN0004,3,"Black, bone, pink and blue BLACK BONE PINK BLUE"
#1AN0006,1,"Assorted black, bone and red"
#1AN0006,2,With package Leaves hair perfectly s1yled and tangle-free BLACK BONE RED
#1AN0010,1,Designed for hair coils and twists
#1AN0012,1,Perfect for styling hair
#1AN0012,2,"Black, Gold and Silver"
#1AN0022,1,"Assorted black, bone and red colors"
#1AN2601,2,"Dual-ended, brush & comb"
#1AN2601,3,100% Natural boar bristle
#1AN2601,4,"Tames hair edges, baby hairs & sideburn"
#1AN2609,1,100% Natural boar & reinforced bristles keeps edges laid and smooth
#1AN2609,2,Comb end grooms and smooths edges for a polished finish
#1AN2609,4,Pintail & sectioning hook tip separates and sections hair
#1AN2609,5,"Carbon fiber material is heat safe up to 450""F"
#1AN2609,6,"Assorted colors pink, red & purple"
#1AN2602,1,"Dual-ended, brush & comb"
#1AN2602,2,100% Natural boar bristle
#1AN2602,3,"Tames hair edges, baby hairs & sideburn"
#1AN2602,4,"Purple, pink, red and black assorted"
#1AN2602,5,Includes 24ct
#1AN2603,1,100% Natural Boar keeps edges laid and smooth
#1AN2603,2,Comb end grooms and smooths edges for a polished finish
#1AN2603,3,Spatula applicator for easy and mess free application
#1AN2603,4,Includes 24ct
#1AN2604,1,100% Natural Boar keeps edges laid and smooth
#1AN2604,2,Comb end grooms and smooths edges for a polished finish
#1AN2604,3,Pintail separates and sections hair
#1AN2604,4,Includes 24ct
#1AN0096,1,"Perfect for braiding, parting, sectioning, teasing and styling"
#1AN0097,1,"Perfect for braiding, parting, sectioning, teasing and styling"
#1AN0028,1,Perfect for styling hair
#1AN0028,2,Bone color
#1AN0044,1,Perfect for styling hair
#1AN0044,2,Bone color
#1AN0068,1,Designed for all hair lengths
#1AN0068,2,Black color
#1AN0069,1,Designed for all hair lengths
#1AN0069,2,Hard rubber comb
#1AN0069,3,"Heat resistant, strong but flexible"
#1AN0069,4,Black color
#1AN0232,1,Metal tooth
#1AN0232,2,"Ideal for curly, wave or permed hair styles"
#1AN0232,3,Black color
#1AN0234,1,Perfect for styling hair
#1AN0234,2,Black color
#1AN0045,1,Metal Tooth
#1AN0045,2,"Ideal for curly, wavy or permed hair styles"
#1AN0046,1,Metal Tooth
#1AN0046,2,"Ideal for curly, wavy or permed hair styles"
#1AN0047,1,Extra Long
#1AN0047,2,Metal Tooth
#1AN0047,3,"Ideal for curly, wavy or permed hair styles"
#1AN0006,1,"Assorted black, bone and red"
#1AN0006,2,With package BLACK BONE RED
#1AN0004,2,Perfect for styling hair
#1AN0004,3,"Black, bone, pink and blue BLACK BONE PINK BLUE"
#1AN0008,1,Perfect for styling hair
#1AN0008,2,Bone color
#1AN0010,1,Designed for hair coils and twists
#1AN0012,1,Perfect for styling hair
#1AN0012,2,"Black, Gold and Silver"
#1AN0022,1,"Assorted black, bone and red colors"
#1AN0017,1,Assorted color
#1AN0018,1,Assorted color
#1AN0102,1,"Green, sky blue, pink, yellow color"
#1AN064,1,"9"" length"
#1AN064,2,Assorted colors
#1AN2925,1,Features soft bristles to remove loose hair
#1AN2927,1,Features easy push to release powder through bristles (Powder not included)
#1AN2927,2,Black color
#1AN5310,1,One size fits most
#1AN5310,3,o
#1AN5310,4,"Durable, disposable, and inexpensive"
#1AN5310,5,"Asst Color: Yellow, Rose, Blue, Green, White and Purple YELLOW ROSE BLUE GREEN WHITE PURPLE"
#1AN6971,1,100% Pure cotton
#1AN6971,2,"Solt, gentle and absorbent"
#1AN6971,3,Ideal for removing makeup
#1AN6973,1,100% Pure cotton
#1AN6973,2,"Solt, gentle and absorbent"
#1AN6973,3,Ideal for removing makeup
#1AN2945,1,Easy to fold sheets PROFESSIONAL SALON QUALITY
#1AN2945,2,"5 inch x 8 inch size sheets, 45ct -"
#1AN2946,1,Easy to fold sheets
#1AN2946,2,"5 inch x 11 inch size sheets, 45ct"
#1AN5410,1,Perfect for mixing and applying tints
#1AN5410,2,Angled pour spout and handle
#1AN5411,1,Perfect for mixing and applying tints
#1AN5411,2,Angled pour spout and handle
#1AN5411,3,Non-slip rubberized base
#1AN5411,4,Precise measuring scales
#1AN3560,1,The five piece coloring tool kit has everY1hing you need to dye your hair
#1AN3560,2,"Kit includes frosting cap, 2 latex gloves, needle/ mixer, and tinting brush"
#1AN2910,1,Tinting brush with comb
#1AN2901,1,"The tinting brush is perfect for accurate easy application of color, bleach and hair dyes"
#1AN2901,2,Durable plastic handle
#1AN2914,1,Durable plastic handle
#1AN2915,1,Pointed tip
#1AN2915,2,Durable plastic handle
#1AN3541,1,"Extra large size cap 21"" Diameter"
#1AN3541,2,100pc
#1AN3541,3,Clear
#1AN3542,1,"Extra large size cap 21"" Diameter"
#1AN3542,2,30pc
#1AN3542,3,Clear
#1AN3542,4,"Elitllllrp,b:Ull21""0.."
#1AN3542,5,"U.trc:icndilo-q""-J'G"
#1AN3542,6,JNdllrC.llrOngwi!¥mdnll
#1AN3552,1,"Extra large size cap 21"" Diameter"
#1AN3552,2,10pc
#1AN3552,3,Clear
#1AN3543,1,"Extra large size cap 21"" Diameter"
#1AN3543,2,30pc
#1AN3543,3,Assorted colors
#1AN3553,1,"Extra large size cap 21"" Diameter"
#1AN3553,2,10pc
#1AN3553,3,Assorted colors
#1AN3583,1,10pc
#1AN3583,2,Assorted pastel colors
#1AN3840,1,S m all
#1AN3840,2,100ct
#1AN3842,1,Large
#1AN3842,2,100ct
#1AN3843,1,X-Large
#1AN3843,2,100ct
#1AN3845,1,S m all
#1AN3845,2,10ct
#1AN3846,1,Mediu m
#1AN3846,2,10ct
#1AN3847,1,Large
#1AN3847,2,10ct
#1AN3848,1,X-Large
#1AN3848,2,10ct
#1AN3850,1,Small
#1AN3850,2,50ct
#1AN3852,1,Lar ge
#1AN3852,2,50ct
#1AN4701,1,240ml. PET
#1AN4701,2,Assorted color
#1AN4706,1,350ml PET
#1AN4753,1,Durable plastic
#1AN4753,2,Pink color
#1AN5004-6,1,Stainless steel
#1AN5004-6,2,Comfortable finger rest
#1AN5005-6,1,Stainless steel
#1AN5005-6,2,Comfortable finger rest
#1AN5006-6,1,Stainless steel
#1AN5006-6,2,Comfortable finger rest
#1AN5010-6,1,Stainless steel
#1AN5010-6,2,Comfortable finger rest
#1AN5010-6,3,Assorted color:
#1AN5016-6,1,Titanium coated
#1AN5016-6,2,Stainless steel
#1AN5016-6,3,Comfortable finger rest
#1AN5016-6,4,20 Teeth
#1AN5055,1,Finger rest
#1AN5056,1,"Assorted color: orange, pink, purple, royal blue, green, and yellow"
#1AN5056,2,Finger rest
#1AN5135,1,Assorted color
#1AN5135,2,Stainless steel blade with safety cover
#1AN5135,3,Blades made in Korea
#1AN5135,4,Assembled in Vietnam
#1AN5134,1,Assorted color
#1AN5134,2,Stainless steel blade with safety cover
#1AN5131,1,Assorted color
#1AN5131,2,Swing open stainless steel blade with safety cover
#1AN5131,3,Blades made in Korea
#1AN5131,4,Assembled in Vietnam
#1AN5140,1,Assorted color
#1AN5140,2,Stainless steel blade with safety cover
#1AN5140,3,Blades made in Korea
#1AN5140,4,Assembled in Vietnam
#1AN5136,1,Double sided comb with trimmer
#1AN5136,2,Blades made in Korea
#1AN5136,3,Assembled in Vietnam
#1AN5102,1,Lightweight stainless steel shaper
#1AN5102,2,Excellent for shaping and texturing all kinds of hair
#1AN5104,1,2 Free blades included
#1AN5104,2,Closeness and quality of a professional straight razor shave
#1AN5105,1,Free blade included
#1AN5100,1,12 Packets/disp.
#1AN5100,2,5 Blades/packet
#1AN5100,3,Stainless steel blades made in Japan
#1AN5100,4,Platinum and Teflon coated
#1AN5101,1,10 Packets/box
#1AN5101,2,10 Blades/packet
#1AN5101,3,Stainless steel blades
#1AN5110,1,10 Packets/box
#1AN5110,2,10 Blades/packet
#1AN5110,3,Stainless steel blades made in Germany
#1AN3691,1,Luxury holographic sparkle
#1AN3691,2,Laydown wide edge headband with velcro finish
#1AN3691,3,Over the top button closure
#1AN4548,1,l 00% cotton Reinforced elastic band Unisex design One size fits most
#1AN4693,1,Two clips for strong hold
#1AN4693,2,Luxury material
#1AN4693,3,Comfortable elastic band
#1AN4693,4,Perfect for latch hook hair weaving
#1AN3648,1,Protects your hair both day and night
#1AN3648,2,Ultra comfortable dual layers
#1AN3648,3,Super breathable and stretchy material
#1AN3647,1,Protects your hair both day and night
#1AN3647,2,Ultra comfortable dual layers
#1AN3647,3,Super breathable and stretchy material
#1AN4854,1,Designed specifically for sew in weaves
#1AN4855,1,Designed specifically for sew in weaves
#1AN4856,1,Designed specifically for sew in weaves
#1AN4876,1,Used to attached wefted hair extensions
#1AN4876,2,Easy to use and strong for long-lasting hold
#1AN4876,3,Deluxe high strength nylon (60m)
#1AN3658,1,"Pre-tied top knot, ready to wear"
#1AN3658,2,Ultra-stretch material
#1AN3658,3,Super breathable
#1AN3658,4,One size fits all
#1AN3658,5,Silky material for extra comfort
#1AN3658,6,Super breathable and stretchy material
#1AN4523,1,"60"" Long Super silky wrap scarf One size fits all"
#1AN3673,1,r Wide
#1AN3673,2,Super silky head wrap scarf
#1AN3673,3,One size fits a l l
#1AN4581,1,One size fits all
#1AN4581,2,Thin stocking fabric
#1AN4581,3,Ultra stretch
#1AN3905,1,WM'pfool. Slllill
#1AN3905,2,Adjl.lllabllVelcroClolurtl
#1AN3905,3,JIJl'O)S.Z.5-''IW)XIOcl)
#1AN3910,1,Soft vinyl with nylon neckline
#1AN3910,2,Waterproof and stain resistant
#1AN3910,3,Adjustable velcro closure
#1AN3910,4,Safe for all salon processes
#1AN3910,5,All purpose cape
#1AN3910,6,"Large size 42""(W) x 54""(L)"
#1AN3910,7,Black and burgundy
#1AN3913,1,"45""(W) X 54""(L)"
#1AN3914,1,"Jumbo size 54""(W) x 60""(L)"
#1AN3916,1,"llghtWeighc,Wateq,rool'"
#1AN3916,2,"Soft, DunlbM 100% Nytoo"
#1AN3916,3,"R&v1tl""S!b6e.Black &Silver"
#1AN3916,4,Adjustable Shouder Strap
#1AN3916,5,271w) X 30 (L)
#1AN4863,1,Ideal tool for latch hook weave hairstyle
#1AN3918,1,"Soft durable, l 00% Nylon"
#1AN3918,2,"Lightweight, washable"
#1AN3918,3,"Waterproof, stain resistant"
#1AN3918,4,"28""0/i/) X 28""(L)"
#1AN3918,5,"Adjustable velcro closure #1AN3919 Annie Comb-Out Cape 28"" x 28"" Black Velcro Closure 1 11 11 11"
#1AN3968,1,"Durable, 100% nylon"
#1AN3968,2,HD see-through window perfect for mobile devices and magazines
#1AN3968,3,Adjustable velcro dosure
#1AN3968,4,Water resistant
#1AN3912,1,"Crinkled finish, washable I I"
#1AN3912,2,Adjustable snap-on closure
#1AN3912,3,4 button closure. <II
#1AN3912,4,"45""(W) X 55""(L)"
#1AN3912,5,Blue and white striped
#1AN3912,6,"Cmided f',,-t, Wl""'9ble"
#1AN3912,7,Aqu5tlllNSnap..OnCIDMn
#1AN3912,8,""" (W) X&- (l )"
#1AN3912,9,"Perl«;llorBa,t,ero,Slyhll"
#1AN3159,1,Black
#1AN3159,2,Medium
#1AN3159,3,14mm diameter
#1AN3162,1,Black
#1AN3162,2,Medium
#1AN3162,3,14mm diameter
#1AN3149,1,Black
#1AN3149,2,Large
#1AN3149,3,"26mm diameter JIIWJt,lll IJl)!IIII,"
#1AN3150,1,Assorted color
#1AN3150,2,Large
#1AN3150,3,26mm diameter
#1AN3148,1,Medium
#1AN3148,2,White
#1AN3148,3,14mm diameter
#1AN3148,4,Assorted sizes
#1AN0610,1,1/4Ib(113g)
#1AN0610,2,"3 1/2"" x 1/4"" (Size #64)"
#1AN0610,3,Packaged in a resealable bag
#1AN0610,4,Beige
#1AN0611,1,"1/4Ib 113g) ( !!ll tlJI! I\ / "" ("
#1AN0611,2,Black
#1AN3159,1,Black
#1AN3159,2,Medium
#1AN3159,3,14mm diameter
#1AN3162,1,Black
#1AN3162,2,Medium
#1AN3162,3,14mm diameter
#1AN3149,1,Black
#1AN3149,2,Large
#1AN3149,3,"26mm diameter JrnlJ!mlllIJll!IIII,"
#1AN3150,1,Assorted color
#1AN3150,2,Large
#1AN3150,3,26mm diameter
#1AN3147,1,Black
#1AN3147,2,Medium
#1AN3147,3,14mm diameter
#1AN3148,1,White
#1AN3148,2,Assorted sizes
#1AN3107,1,Black color
#1AN3324,1,Black color
#1AN3324,2,Crimped
#1AN3324,3,"2"" Long"
#1AN3324,4,Ball tipped
#1AN3135,1,Black color
#1AN3135,2,Crimped
#1AN3135,3,"1 3/4"" Long"
#1AN3135,4,Ball tipped
#1AN3322,1,Black color
#1AN3322,2,Crimped
#1AN3322,3,"1 3/4"" Long"
#1AN3322,4,Ball tipped
#1AN3282,1,"3 1/4"" Dia."
#1AN3282,2,"1 1/4"" Thickness"
#1AN3285,1,"3 1/2"" Dia."
#1AN3285,2,"1 1/4"" Thickness"
#1AN3285,3,Firm foam with wire
#1AN3288,1,"3 3/4"" Dia."
#1AN3288,2,"1 1/2"" Thickness"
#1AN3284,1,"12"" Long"
#1AN3284,2,"1 1/4"" Diameter"
#1AN3284,3,Firm foam with wire
#1AN3201,1,Black
#1AN3201,2,An effortless way to keep your hair out of your face
#1AN3205,1,Clear IT ortoise
#1AN3205,2,An effortless way to keep your hair out of your face
#1AN3200,1,Black
#1AN3200,2,An effortless way to keep your hair out of your face
#1AN3204,1,Black/Tortoise
#1AN3204,2,An effortless way to keep your hair out of your face
#1AN3202,1,Black
#1AN3202,2,Effectively holds back any kind of hair with precision and ease
#1AN3206,1,Clear IT ortoise
#1AN3206,2,An effortless way to keep your hair out of your face
#1AN3203,1,Black
#1AN3203,2,Effectively holds back any kind of hair with precision and ease
#1AN3207,1,Clear/Tortoise
#1AN3207,2,An effortless way to keep your hair out of your face
#1AN0610,1,1/4Ib(113g)
#1AN0610,2,"3 1/2"" x 1/4"" (Size #64)"
#1AN0610,3,Packaged in a resealable bag
#1AN0610,4,Beige
#1AN0611,1,1/4Ib (113g)
#1AN0611,2,"31/2"" x 1/4"" (Size #64)"
#1AN0611,3,Packaged in a resealable bag
#1AN0611,4,Black
#1AN3152,1,Black
#1AN3152,2,Assorted sizes
#1AN3152,3,"10mm, 12mm, 16mm, 18mm"
#1AN3153,1,Assorted color
#1AN3153,2,Assorted sizes
#1AN3153,3,"10mm, 12mm, 16mm, 18mm"
#1AN3303,1,Matte black
#1AN3303,2,Crimped
#1AN3303,3,"2"" Long"
#1AN3303,4,Ball tipped
#1AN3103,1,Black color
#1AN3103,2,"2 3/4"" Long"
#1AN3103,3,Ball tipped
#1AN3102,1,Black color
#1AN3102,2,"30pc - 2"" Crimped long"
#1AN3102,3,"20pc - 2 3/4"" long"
#1AN3102,4,Ball tipped
#1AN3108,1,Black color
#1AN3108,2,Crimped
#1AN3108,3,"2"" Long"
#1AN3108,4,Ball tipped
#1AN3109,1,Bronze color
#1AN3109,2,Crimped
#1AN3109,3,"2"" Long"
#1AN3109,4,Ball tipped 11 1
#1AN3301,1,Black
#1AN3301,2,"1 1/2"" Long"
#1AN3301,3,Ball tipped
#1AN3337,1,Black color
#1AN3337,2,Crimped
#1AN3337,3,"2"" Long"
#1AN3337,4,Ball tipped
#1AN3339,1,Black color
#1AN3339,2,Crimped
#1AN3339,3,"2"" Long"
#1AN3339,4,Ball tipped
#1AN3312,1,Black color
#1AN3312,2,Crimped
#1AN3312,3,"1 3/4"" Long"
#1AN3312,4,Micro ball tipped
#1AN3100,1,Black color
#1AN3100,2,Crimped
#1AN3100,3,"1 3/4"" Long"
#1AN3112,1,Black color
#1AN3112,2,Crimped
#1AN3112,3,"1 3/4"" Long"
#1AN3112,4,Micro ball tipped
#1AN3316,1,Black color
#1AN3316,2,Crimped
#1AN3316,3,"2 1/2"" Long"
#1AN3316,4,Ball tipped
#1AN3317,1,"Black color, Crimped"
#1AN3317,2,"30pc - 2 1/2"" Long"
#1AN3317,3,"30pc - 2"" Long"
#1AN3317,4,"40pc - 1 3/4"" Long"
#1AN3317,5,Ball tipped
#1AN3327,1,Black color
#1AN3327,2,Crimped
#1AN3327,3,"3"" Long"
#1AN3327,4,Ball tipped
#1AN3332,1,Black color
#1AN3332,2,Crimped
#1AN3332,3,"1 1/2"" Long"
#1AN3332,4,Ball tipped
#1AN3330,1,Black color
#1AN3330,2,"150pc - 1 3/4"" Long"
#1AN3330,3,"50pc - 2 1/2"" Long"
#1AN3330,4,Ball tipped
#1AN3314,1,Black color
#1AN3314,2,Crimped
#1AN3314,3,"Assorted sizes 1 3/4"" 50ct, and 2 1/2"" 25ct"
#1AN3314,4,Ball tipped
#1AN3191,1,Premium quality metal
#1AN3191,2,Durable long-lasting metal
#1AN3191,3,Strong metal spring
#1AN3191,4,Help hold curls in place
#1AN3192,1,Premium quality metal
#1AN3192,2,Durable long-lasting metal
#1AN3192,3,Strong metal spring
#1AN3192,4,Help hold curls in place
#1AN3193,1,Premium quality metal
#1AN3193,2,Durable long-lasting metal
#1AN3193,3,Strong metal spring
#1AN3193,4,Help hold curls in place
#1AN3195,1,Premium quality metal
#1AN3195,2,Durable long-lasting metal
#1AN3195,3,Strong metal spring
#1AN3195,4,Help hold curls in place
#1AN3081,1,Durable long-lasting metal
#1AN3081,2,Strong metal spring
#1AN3081,3,Help hold curls in place
#1AN3082,1,Durable long-lasting metal
#1AN3082,2,Strong metal spring
#1AN3082,3,Help hold curls in place
#1AN3083,1,Durable long-lasting metal
#1AN3083,2,Strong metal spring
#1AN3083,3,Help hold curls in place
#1AN3084,1,Durable long-lasting metal
#1AN3084,2,Strong metal spring
#1AN3084,3,Help hold curls in place
#1AN3169,1,Durabl e lo n g-lasti n g metal
#1AN3171,1,Durabl e lo n g-lasti n g metal
#1AN3168,1,M e tal
#1AN3168,2,12ct
#1AN3170,1,Durabl e lo n g-lasti n g metal
#1AN3170,2,Stro n g m e tal spri n g
#1AN3170,3,H e lp hold curls i n plac e
#1AN3247,1,"Section large amounts of hair while coloring, cutting, and styling"
#1AN3247,2,"Grip ensures no slipping while working with wet hair, product or color"
#1AN3247,3,Holds thin and thick hair out of the way while working and styling
#1AN3247,4,Secures hair with superior grip
#1AN3247,5,Patented original technology
#1AN3247,6,Pink/purple assorted
#1AN3248,1,"Section large amounts of hair while coloring, cutting, and styling"
#1AN3248,2,"Grip ensures no slipping while working with wet hair, product or color"
#1AN3248,3,Holds thin and thick hair out of the way while working and styling
#1AN3248,4,Secures hair with superior grip
#1AN3248,5,Patented original technology
#1AN3248,6,Black & white
#1AN3183,1,Assorted color
#1AN3183,2,Plastic
#1AN3183,3,"5 3/4"" Long"
#1AN3238,1,"Section large amounts of hair while coloring, cutting, and styling"
#1AN3238,2,"Grip ensures no slipping while working with wet hair, product or color"
#1AN3238,3,Holds thin and thick hair out of the way while working and styling
#1AN3238,4,Secures hair with superior grip
#1AN3238,5,Patented original technology
#1AN3238,6,Black
#1AN3239,1,"Section large amounts of hair while coloring, cutting, and styling"
#1AN3239,2,"Grip ensures no slipping while working with wet hair, product or color"
#1AN3239,3,Holds thin and thick hair out of the way while working and styling
#1AN3239,4,Secures hair with superior grip
#1AN3239,5,Patented original technology #1AN3238 #1AN3239
#1AN3239,6,Zebra/leopard assorted
#1AN3178,1,Assorted color
#1AN3178,2,"2"" Width"
#1AN3178,3,Perfect for separating hair
#1AN3179,1,Assorted color
#1AN3179,2,"3"" Width"
#1AN3179,3,Perfect for separating hair
#1AN3179,4,:ms
#1AN3180,1,Assorted color
#1AN3180,2,"2"" Width"
#1AN3180,3,Perfect for separating hair
#1AN3181,1,Assorted color
#1AN3181,2,"3"" Width"
#1AN3181,3,"Perfect for separating hair JrnlJ!mlllIJll!IIIII, 6ct Duck Asst CBill olor Plastic"
#1AN3175,1,Assorted color
#1AN3175,2,"4.5"" Long"
#1AN3175,3,Metal
#1AN3184,1,Assorted color
#1AN3184,2,Assorted color
#1AN3184,3,Metal
#1AN3184,4,Metal/Plastic combination
#1AN3184,5,"4"" Long"
#1AN3184,6,"4"" Long"
#1AN3186,1,Assorted color
#1AN3186,2,Assorted color
#1AN3186,3,Metal/Plastic combination
#1AN3186,4,"4.8"" Long"
#1AN3186,5,"4"" Long"
#1AN3186,6,Hold rollers in place
#1AN3186,7,Use to position wet hair
#1AN3186,8,Plastic
#1AN3394,1,Fabric cover to prevent snagging
#1AN3394,2,Hooks on to wig cap instantly
#1AN3394,3,No sewing needed
#1AN3408,1,Clip on tabs for the strongest hold
#1AN3408,2,No sewing required
#1AN3127,1,Brown color
#1AN3127,2,Large
#1AN3160,1,Black color
#1AN3160,2,Large
#1AN3225,1,Black color
#1AN3225,2,Small
#1AN3226,1,Black color
#1AN3226,2,Large
#1AN3122,1,Black color
#1AN3122,2,Small
#1AN3123,1,Black color
#1AN3123,2,Large
#1AN3140,1,Premium quality metal
#1AN3140,2,Pins have a smooth T bar - head and a sharp point
#1AN3161,1,Black color
#1AN3161,2,Small
#1AN3391,1,Small
#1AN3392,1,Large
#1AN3444,1,Black
#1AN3445,1,Black
#1AN3446,1,Black
#1AN3447,1,Black
#1AN8883,1,Non-slip grip
#1AN8883,2,Silicone inserted
#1AN8883,3,Can be used as wig band
#1AN8885,1,Non-slip grip
#1AN8885,2,Same color as Annie #4604 Ms. Remi Wig Cap Light Brown
#1AN8886,1,Non-slip grip
#1AN8886,2,Same color as Annie #4402 Ms. Remi Wig Cap Dark Brown
#1AN1351,1,Blue
#1AN1351,2,"5/8"" Diameter"
#1AN1352,1,Orange
#1AN1352,2,"3/4"" Diameter"
#1AN1353,1,Yellow
#1AN1353,2,"7/8"" Diameter"
#1AN1355,1,Beige
#1AN1355,2,Aqua
#1AN1355,3,"1 1/4"" Diameter"
#1AN1355,4,"1"" Diameter"
#1AN1356,1,Red
#1AN1356,2,"1 1/2"" Diameter"
#1AN1357,1,Purple
#1AN1357,2,"1 3/4"" Diameter"
#1AN1358,1,Gray
#1AN1358,2,"2"" Diameter"
#1AN1359,1,Plum
#1AN1359,2,"3"" Diameter"
#1AN1101,1,"Diameter 7/8"""
#1AN1101,2,Orange
#1AN1102,1,"Diameter 3/4"""
#1AN1102,2,Sand
#1AN1103,1,"Diameter 3/5"""
#1AN1103,2,Orchid
#1AN1104,1,"Diameter 1/2"""
#1AN1104,2,White
#1AN1105,1,"Diameter 2/5"""
#1AN1105,2,Gray
#1AN1106,1,"Diameter 1/3"""
#1AN1106,2,Pink
#1AN1107,1,"Diameter 3/10"""
#1AN1107,2,Blue
#1AN1108,1,"Diameter 2/5"""
#1AN1108,2,Yellow
#1AN1109,1,"Diameter 7 /10"""
#1AN1109,2,Orchid
#1AN1110,1,"Diameter 3/5"""
#1AN1110,2,White
#1AN1111,1,"Diameter 1/2"""
#1AN1111,2,Gray
#1AN1112,1,"Diameter 2/5"""
#1AN1112,2,Pink
#1AN1113,1,"Diameter 1/3"""
#1AN1113,2,Blue
#1AN1114,1,"Diameter 1 /3"""
#1AN1114,2,Yellow
#1AN1115,1,"Diameter 1/4"""
#1AN1115,2,Red
#1AN1120,1,"Diameter 4/5"""
#1AN1120,2,Green
#1AN1121,1,"Diameter 1 1/4"""
#1AN1121,2,Black
#1AN1122,1,"Diameter 1 1/2"""
#1AN1122,2,Brown
#1AN1051,1,Blue
#1AN1051,2,"5/8"" Diameter"
#1AN052,1,Yellow
#1AN052,2,"7 /8"" Diameter"
#1AN1053,1,Green
#1AN1053,2,"1"" Diameter"
#1AN054,1,Pink
#1AN054,2,"1 1/4"" Diameter"
#1AN1055,1,Pink
#1AN1055,2,"1 1/2"" Diameter"
#1AN1061,1,Black
#1AN1061,2,"5/8"" Diameter"
#1AN1062,1,Black
#1AN1062,2,"7 /8"" Diameter"
#1AN1063,1,Black
#1AN1063,2,"1"" Diameter"
#1AN1064,1,Black
#1AN1064,2,"1 1/4"" Diameter"
#1AN1065,1,Black
#1AN1065,2,"1 1/2"" Diameter"
#1AN1219,1,Purple
#1AN1219,2,"1 3/4"" Diameter"
#1AN1220,1,Orange
#1AN1220,2,"1 1/2"" Diameter"
#1AN1220,3,12n
#1AN1221,1,Pink
#1AN1221,2,"1 1/8"" Diameter"
#1AN1222,1,Green
#1AN1222,2,"7 /8"" Diameter"
#1AN1223,1,Yellow
#1AN1223,2,"3/4"" Diameter"
#1AN1224,1,Blue
#1AN1224,2,"1/2"" Diameter"
#1AN1230,1,Black
#1AN1230,2,"1 1/2"" Diameter"
#1AN1231,1,Black
#1AN1231,2,"1 1 /8"" Diameter"
#1AN1232,1,Black
#1AN1232,2,"7/8"" Diameter"
#1AN1233,1,Black
#1AN1233,2,"3/4"" Diameter"
#1AN1234,1,Black
#1AN1234,2,"1/2"" Diameter"
#1AN1240,1,"1 1/2"" Diameter"
#1AN1241,1,"1 1/4"" Diameter"
#1AN1242,1,"1"" Diameter"
#1AN1243,1,"7/8"" Diameter"
#1AN1244,1,"3/8"" Diameter"
#1AN1246,1,Black
#1AN1246,2,No pins or clips needed
#1AN1246,3,"Soft, satin fabric prevents hair breakage"
#1AN1246,4,Snap lock closure
#1AN1248,1,White
#1AN1248,2,No pins or clips needed
#1AN1248,3,"Soft, satin fabric prevents hair breakage"
#1AN1248,4,Snap lock closure
#1AN1001,1,Blue
#1AN1001,2,"1/2"" Diameter"
#1AN1002,1,Yellow
#1AN1002,2,"3/4"" Diameter"
#1AN1003,1,Green
#1AN1003,2,"7/8"" Diameter"
#1AN1004,1,Pink
#1AN1004,2,"1 1/8"" Diameter"
#1AN1004,3,Black
#1AN1004,4,"1 1/8"" Diameter"
#1AN1005,1,Orange
#1AN1005,2,"1 1/2"" Diameter"
#1AN1005,3,Black
#1AN1005,4,"1 1/2"" Diameter"
#1AN1011,1,Black
#1AN1011,2,"1/2"" Diameter"
#1AN1012,1,Black
#1AN1012,2,"3/4"" Diameter"
#1AN1013,1,Black
#1AN1013,2,Black
#1AN1013,3,Black
#1AN1013,4,"7/8"" Diameter"
#1AN1013,5,"1 1/8"" Diameter"
#1AN1013,6,"1 1/2"" Diameter"
#1AN1198,1,Lavender
#1AN1198,2,"1/4"" Diameter"
#1AN1199,1,Green
#1AN1199,2,"5/16"" Diameter"
#1AN1200,1,Yellow
#1AN1200,2,"3/8"" Diameter"
#1AN1201,1,Red
#1AN1201,2,"1/2"" Diameter"
#1AN1202,1,Blue
#1AN1202,2,"9/16"" Diameter"
#1AN1203,1,Orange
#1AN1203,2,"5/8"" Diameter"
#1AN1204,1,Gray
#1AN1204,2,"11/16"" Diameter"
#1AN1205,1,Purple
#1AN1205,2,"3/4"" Diameter"
#1AN1251,1,Blue
#1AN1251,2,"9/16"" Diameter"
#1AN1252,1,Orange
#1AN1252,2,"5/8"" Diameter"
#1AN1253,1,Gray
#1AN1253,2,"11/16"" Diameter"
#1AN1254,1,Purple
#1AN1254,2,"3/4"" Diameter"
#1AN1261,1,Blue
#1AN1261,2,"9/16"" Diameter"
#1AN1262,1,Orange
#1AN1262,2,"5/8"" Diameter"
#1AN1263,1,Gray
#1AN1263,2,"11/16"" Diameter"
#1AN1264,1,Purple
#1AN1264,2,"3/4"" Diameter"
#1AN1213,1,Lavender
#1AN1213,2,"1 / 4"" Diameter"
#1AN1211,1,Green
#1AN1211,2,"5/16"" Diameter"
#1AN1212,1,Yellow
#1AN1212,2,"3/8"" Diameter"
#1AN1206,1,Red
#1AN1206,2,"1/2"" Diameter"
#1AN1207,1,Blue
#1AN1207,2,"9/16"" Diameter"
#1AN1208,1,Orange
#1AN1208,2,"5/8"" Diameter"
#1AN1209,1,Gray
#1AN1209,2,"11/16"" Diameter"
#1AN1210,1,Purple
#1AN1210,2,"3/4"" Diameter"
#1AN1215,1,Dark Green
#1AN1215,2,"1"" Diameter"
#1AN1216,1,Plum
#1AN1216,2,"1 3/16"" Diameter"
#1AN1217,1,Blue
#1AN1217,2,"1 1/4"" Diameter"
#1AN3541,1,"Extra large size cap 21"" Diameter )lll!!ll IJIII It"
#1AN3541,2,100pc
#1AN3541,3,"Clear PROCESSING CAPS &,.c:.;:,&..;rn,,..n,.,_..,. ■ I 1iiii11iii■-"
#1AN3542,1,"Extra large size cap 21"" Diameter )lll!!ll J!lt"
#1AN3542,2,30pc
#1AN3542,3,"Clear PROCESSING CAPS Extra Large f Disposable I Nl'f Proceu;ng,e.o.-,..iz:.ci12ro."
#1AN3542,4,"U.b'P-._... Plffllll'Q,.-.dhaltil--­"
#1AN3542,5,"WINI,.......--­"
#1AN3542,6,----- H AIR Al CARE
#1AN3583,1,10pe
#1AN3583,2,Assorted pastel colors
#1AN3552,1,"Extra large size cap 21"" Diameter"
#1AN3552,2,10pc
#1AN3552,3,Clear
#1AN3543,1,"Extra large size cap 21"" Diameter"
#1AN3543,2,30pc 9
#1AN3543,3,Assorted colors
#1AN3553,1,"Extra large size cap 21"" Diameter"
#1AN3553,2,10pc
#1AN3553,3,Assorted colors
#1AN4250,1,Square shape
#1AN4250,2,NBR material
#1AN4250,1,Round shape
#1AN4250,2,NBR material
#1AN4258,1,Ergonomic shaped
#1AN4243,1,Oval shape
#1AN4243,2,NR makeup wedges are soft and flexible sponge for a professional look
#1AN4243,3,Made in Korea
#1AN4244,1,Rhombus shape
#1AN4244,2,NR makeup wedges are soft and flexible sponge for a professional look
#1AN4244,3,Made in Korea
#1AN4245,1,NR makeup wedges are soft and flexible sponge for a professional look
#1AN4245,2,Made in Korea
#1AN6958,1,Double side usage
#1AN6958,2,Features point oval tip and a large oval tip on the other
#1AN5400,1,"Double sharpener (8mm, 12mm holes)"
#1AN5400,2,Assorted colors
#1AN5400,3,Round shaped flocking puff
#1AN5400,4,Controls the amount of powder
#1AN5400,5,Prevents heavy coverage
#1AN5400,6,Features band for easy use
#1AN5400,7,Made in Korea
#1AN4254,1,Cotton material
#1AN4254,2,Round shaped flocking puff
#1AN4254,3,Controls the amount of powder
#1AN4254,4,Controls the amount of powder for application for application
#1AN4254,5,Prevents heavy coverage while
#1AN4254,6,Prevents heavy coverage applying foundation
#1AN4254,7,Features band for easy use
#1AN4254,8,Made in Korea
#1AN4254,9,Made in Korea
#1AN0519,1,Intense black highly pigmented creamy pencil
#1AN6017,1,"Sharp, curved blades fits nails"
#1AN6017,2,Provides extra leverage
#1AN6011,1,Convenient fold-able nail file
#1AN6011,2,Chain for easy travel
#1AN5355,1,Includes extra blade
#1AN5425,1,"3'7"" length"
#1AN5425,2,"Great for washing hair, bathing infants & shampooing pets"
#1AN6001,1,Perfectly aligned tips and shapely curved handles
#1AN6002,1,Perfectly aligned tips and shapely curved handles
#1AN6013,1,Precision-aligned slant tip edge for all your tweezing needs
#1AN6020,1,Curved blade
#1AN6020,2,Proficient trimming control
#1AN6020,3,Durable sharp safety blades
#1AN6020,4,Accurate fine point tip
#1AN6014,1,Two in one feature: Cuticle remover and pusher
#1AN6019,1,Proficient trimming control
#1AN6019,2,Durable sharp safety blades
#1AN6019,3,Comfortable finger holes
#1AN2937,1,Soft bristles for cleaning under nails
#1AN2937,2,Portable and practical
#1AN2937,3,Sturdy construction
#1AN2937,4,Great for home and travel
#1AN2937,5,Assorted color Extrawide file perfect for shapinii of nails
#1AN5377,1,Grit 100/120/180
#1AN5377,2,"Easy, comfortable gripping l SOpcs. (100/180 grit) B:.'.!,:e wortmthecutl clea rea"
#1AN5378,1,Grit 80/120
#1AN5378,2,"Easy, comfortable gripping 60pcs. Sapphire File with Cuticle Pusher Archrvo de zaf1ro con empuJador delacuticula 100/180 Grit Nail Buffers"
#1AN5373,1,"7"" Long"
#1AN5373,2,100/180 Grit
#1AN5376,1,"7"" Long"
#1AN5376,2,100/180 Grit
#1AN5370,1,"7"" Long"
#1AN5370,2,100/180 Grit
#1AN6015,1,"5"" Long"
#1AN6015,2,Create a perfect edge that helps prevent splitting and peeling
#1AN6015,3,Pointed tip gently cleans under nails
#1AN6015,4,Compact size is perfect for travel
#1AN5351,1,Soften and smooths rough skin
#1AN5351,2,"Helps remove corns, calluses and hard skin"
#1AN5351,3,Washable and reusable
#1AN5351,4,o
#1AN5351,5,Assorted colors BLACK WHITE BLUE RED
#1AN5352,1,Soften and smooths rough skin
#1AN5352,2,"Helps remove corns, calluses and hard skin"
#1AN5352,3,Washable and reusable
#1AN5352,4,o
#1AN5352,5,Assorted colors BLACK WHITE BLUE RED
#1AN5353,1,Soften and smooths rough skin
#1AN5353,2,"Helps remove corns, calluses and hard skin"
#1AN5353,3,Washable and reusable
#1AN5353,4,o
#1AN5353,5,Assorted colors BLACK WHITE BLUE RED
#1AN5365,1,Soften and smooths rough skin
#1AN5365,2,"Helps remove corns, calluses and hard skin"
#1AN5365,3,Washable and reusable
#1AN5365,4,o
#1AN5365,5,Assorted colors BLACK WHITE BLUE
#1AN5357,1,Soften and smooths rough skin
#1AN5357,2,"Helps remove corns, calluses and hard skin"
#1AN5357,3,Washable and reusable
#1AN5357,4,o
#1AN5357,5,Assorted colors GREEN PINK RED
#1AN5388,1,Soften and smooths rough skin
#1AN5388,2,"Helps remove corns, calluses and hard skin"
#1AN5388,3,Washable and reusable
#1AN5388,4,o
#1AN5388,5,Assorted colors WHITE GREEN PINK WHITE
#1AN5361,1,Designed for mildly calloused skin
#1AN5361,2,"Helps remove corns, calluses and hard skin"
#1AN5361,3,Washable and reusable
#1AN5361,4,Convenient storage loop
#1AN5362,1,Designed for mildly calloused skin
#1AN5362,2,"Helps remove corns, calluses and hard skin"
#1AN5362,3,Washable and reusable
#1AN5362,4,Convenient storage loop
#1AN5363,1,Designed for mildly calloused skin
#1AN5363,2,"Helps remove corns, calluses and hard skin"
#1AN5363,3,Washable and reusable
#1AN5363,4,Convenient storage loop
#1AN5369,1,Assorted colors
#1AN5369,2,Soften and smooths rough skin
#1AN5369,3,"Helps remove corns, calluses and hard skin"
#1AN5369,4,Washable and reusable
#1AN6001,1,Perfectly aligned tips and shapely curved handles
#1AN6002,1,Perfectly aligned tips and shapely curved handles
#1AN6013,1,Precision-aligned slant tip edge for all your tweezing needs
#1AN6020,1,Curved blade
#1AN6020,2,Proficient trimming control
#1AN6020,3,Durable sharp safety blades
#1AN6020,4,Accurate fine point tip
#1AN6014,1,Two in one feature: Cuticle remover and pusher
#1AN6213,1,Precision tips
#1AN6213,2,Stainless steel material
#1AN6041,1,Curved blade
#1AN6041,2,Proficient trimming control
#1AN6041,3,Durable sharp blades
#1AN6041,4,Accurate fine point tip
#1AN6042,1,Wide curved blade
#1AN6042,2,Precision trimming
#1AN6042,3,Comfortable finger holes
#1AN6019,1,Proficient trimming control
#1AN6019,2,Durable sharp safety blades
#1AN6019,3,Comfortable finger holes
#1AN6020,1,Curved blade
#1AN6020,2,Proficient trimming control
#1AN6020,3,Durable sharp safety blades
#1AN6020,4,Accurate fine point tip
#1AN6014,1,Two in one feature: Cuticle remover and pusher
#1AN4977,1,2 Hook
#1AN4977,2,Rust free stainless steel
#1AN4977,3,Premium bamboo handle
#1AN4977,4,0.75mm Needle
#1AN4977,5,"Perfect for fixing dreadlocks, braid craft, weaving & more"
#1AN4994,1,"Perfect for fixing dreadlocks, braid craft, weaving & more"
#1AN4994,2,Dual ended tips
#1AN4994,3,"Assorted color, black, red, purple & pink"
#1AN4978,1,3 Hook
#1AN4978,2,Rust free stainless steel
#1AN4978,3,Premium bamboo handle
#1AN4978,4,0. 75mm Needle
#1AN4978,5,"Perfect for fixing dreadlocks, braid craft, weaving & more"
#1AN4979,1,2&1Hook
#1AN4979,2,Rust free stainless steel
#1AN4979,3,Premium bamboo handle
#1AN4979,4,0. 75mm Needle
#1AN4979,5,"Perfect for fixing dreadlocks, braid craft, weaving & more"
#1AN1830,1,"Large size, large package"
#1AN1830,2,White
#1AN1831,1,"Large size, large package"
#1AN1831,2,Clear
#1AN833,1,"Large size, large package"
#1AN833,2,Solid asst
#1AN1830,1,"Large size, large package"
#1AN1830,2,White
#1AN1831,1,"Large size, large package"
#1AN1831,2,Clear
#1AN833,1,"Large size, large package"
#1AN833,2,Solid asst
#1AN1922,1,Pink
#1AN1922,2,Glow in the dark
#1AN1923,1,White
#1AN1923,2,Glow in the dark
#1AN1926,2,Purple
#1AN1926,3,Glow in the dark
#1AN1927,1,Solid assorted color
#1AN1927,2,Glow in the dark
#1AN3003,1,1 X Magnification
#1AN3003,2,Single sided hand mirror
#1AN3003,3,Great for everyday use
#1AN3003,4,"Color - black, red & blue"
#1AN3004,1,1 X Magnification
#1AN3004,2,Single sided hand mirror
#1AN3004,3,"Color - white, blue & red"
#1AN3005,1,1 X Magnification
#1AN3005,2,Single sided hand mirror
#1AN3005,3,"Color - white, blue & red"
#1AN3006,1,1 X Magnification
#1AN3006,2,Purse size
#1AN3006,3,Single sided hand mirror
#1AN3006,4,"Color - black, red & blue"
#1AN3008,1,1 X Magnification
#1AN3008,2,Great for salon & spa
#1AN3008,3,"Mirror itself measures 11 1/2"" x 8 1/2"""
